{
  "leanimt": [0.13637, 0.13441, 0.14363, 0.13955],
  "smt": [1.9279, 2.28781, 2.45399, 2.66257],
  "leanimt-revocation": [0.68808, 1.05642, 9.94046]
}
